<?xml version="1.0" encoding="UTF-8"?>
<project-private xmlns="http://www.netbeans.org/ns/project-private/1">
    <editor-bookmarks xmlns="http://www.netbeans.org/ns/editor-bookmarks/2" lastBookmarkId="0"/>
    <open-files xmlns="http://www.netbeans.org/ns/projectui-open-files/2">
        <group>
            <file>file:/C:/Users/Samiha%20Nowshin/Documents/HospitalManagmentSystem/src/hospitalmanagmentsystem/Payment.java</file>
            <file>file:/C:/Users/Samiha%20Nowshin/Documents/HospitalManagmentSystem/src/hospitalmanagmentsystem/Blood.java</file>
            <file>file:/C:/Users/Samiha%20Nowshin/Documents/HospitalManagmentSystem/src/hospitalmanagmentsystem/Patient.java</file>
            <file>file:/C:/Users/Samiha%20Nowshin/Documents/HospitalManagmentSystem/src/hospitalmanagmentsystem/HospitalManagmentSystem.java</file>
            <file>file:/C:/Users/Samiha%20Nowshin/Documents/HospitalManagmentSystem/src/hospitalmanagmentsystem/Doctor.java</file>
            <file>file:/C:/Users/Samiha%20Nowshin/Documents/HospitalManagmentSystem/src/hospitalmanagmentsystem/Stuff.java</file>
            <file>file:/C:/Users/Samiha%20Nowshin/Documents/HospitalManagmentSystem/src/hospitalmanagmentsystem/Notice.java</file>
            <file>file:/C:/Users/Samiha%20Nowshin/Documents/HospitalManagmentSystem/src/hospitalmanagmentsystem/Pannel.java</file>
        </group>
    </open-files>
</project-private>
